Name,Fighter,Attack,File,Seconds,Frames,ContactFrame,Limb,bLoop,State,Direction
A_Monkey_Guard,Monkey,,A_Monkey_Guard.fbx,2.633,80,,,true,Guard,
A_Monkey_Block,Monkey,,A_Monkey_Block.fbx,2.633,80,,,true,Block,
A_Monkey_Walk_Fwd,Monkey,,A_Monkey_Walk_Fwd.fbx,0.400,13,,,true,Walk,Fwd
A_Monkey_Walk_FwdLeft,Monkey,,A_Monkey_Walk_FwdLeft.fbx,0.400,13,,,true,Walk,FwdLeft
A_Monkey_Walk_Left,Monkey,,A_Monkey_Walk_Left.fbx,0.400,13,,,true,Walk,Left
A_Monkey_Walk_BackLeft,Monkey,,A_Monkey_Walk_BackLeft.fbx,0.400,13,,,true,Walk,BackLeft
A_Monkey_Walk_Back,Monkey,,A_Monkey_Walk_Back.fbx,0.400,13,,,true,Walk,Back
A_Monkey_Walk_BackRight,Monkey,,A_Monkey_Walk_BackRight.fbx,0.400,13,,,true,Walk,BackRight
A_Monkey_Walk_Right,Monkey,,A_Monkey_Walk_Right.fbx,0.400,13,,,true,Walk,Right
A_Monkey_Walk_FwdRight,Monkey,,A_Monkey_Walk_FwdRight.fbx,0.400,13,,,true,Walk,FwdRight
A_Monkey_Run_Fwd,Monkey,,A_Monkey_Run_Fwd.fbx,0.400,13,,,true,Run,Fwd
A_Monkey_Run_FwdLeft,Monkey,,A_Monkey_Run_FwdLeft.fbx,0.400,13,,,true,Run,FwdLeft
A_Monkey_Run_Left,Monkey,,A_Monkey_Run_Left.fbx,0.400,13,,,true,Run,Left
A_Monkey_Run_BackLeft,Monkey,,A_Monkey_Run_BackLeft.fbx,0.400,13,,,true,Run,BackLeft
A_Monkey_Run_Back,Monkey,,A_Monkey_Run_Back.fbx,0.400,13,,,true,Run,Back
A_Monkey_Run_BackRight,Monkey,,A_Monkey_Run_BackRight.fbx,0.400,13,,,true,Run,BackRight
A_Monkey_Run_Right,Monkey,,A_Monkey_Run_Right.fbx,0.400,13,,,true,Run,Right
A_Monkey_Run_FwdRight,Monkey,,A_Monkey_Run_FwdRight.fbx,0.400,13,,,true,Run,FwdRight
A_Monkey_Turn_L90,Monkey,,A_Monkey_Turn_L90.fbx,0.500,15,,,false,Turn,
A_Monkey_Turn_R90,Monkey,,A_Monkey_Turn_R90.fbx,0.500,15,,,false,Turn,
A_Monkey_Turn_180,Monkey,,A_Monkey_Turn_180.fbx,0.700,21,,,false,Turn,
A_Monkey_Pivot_180,Monkey,,A_Monkey_Pivot_180.fbx,0.467,14,,,false,Pivot,
A_Monkey_Hit_Light,Monkey,,A_Monkey_Hit_Light.fbx,0.233,7,,,false,Hit,
A_Monkey_Hit_Heavy,Monkey,,A_Monkey_Hit_Heavy.fbx,0.333,10,,,false,Hit,
A_Monkey_Down,Monkey,,A_Monkey_Down.fbx,0.867,26,,,false,Down,
A_Monkey_Death,Monkey,,A_Monkey_Death.fbx,1.067,32,,,false,Dead,
A_Monkey_GetUp,Monkey,,A_Monkey_GetUp.fbx,0.600,18,,,false,GetUp,
A_Monkey_Victory,Monkey,,A_Monkey_Victory.fbx,2.000,60,,,false,Victory,
A_Monkey_Jab,Monkey,Jab,A_Monkey_Jab.fbx,0.267,8,2,hand_r,false,Attack,
A_Monkey_Hook,Monkey,Hook,A_Monkey_Hook.fbx,0.467,14,4,hand_l,false,Attack,
A_Monkey_Kick,Monkey,Kick,A_Monkey_Kick.fbx,0.533,16,5,foot_r,false,Attack,
A_Gorilla_Guard,Gorilla,,A_Gorilla_Guard.fbx,2.633,80,,,true,Guard,
A_Gorilla_Block,Gorilla,,A_Gorilla_Block.fbx,2.633,80,,,true,Block,
A_Gorilla_Walk_Fwd,Gorilla,,A_Gorilla_Walk_Fwd.fbx,0.667,21,,,true,Walk,Fwd
A_Gorilla_Walk_FwdLeft,Gorilla,,A_Gorilla_Walk_FwdLeft.fbx,0.667,21,,,true,Walk,FwdLeft
A_Gorilla_Walk_Left,Gorilla,,A_Gorilla_Walk_Left.fbx,0.667,21,,,true,Walk,Left
A_Gorilla_Walk_BackLeft,Gorilla,,A_Gorilla_Walk_BackLeft.fbx,0.667,21,,,true,Walk,BackLeft
A_Gorilla_Walk_Back,Gorilla,,A_Gorilla_Walk_Back.fbx,0.667,21,,,true,Walk,Back
A_Gorilla_Walk_BackRight,Gorilla,,A_Gorilla_Walk_BackRight.fbx,0.667,21,,,true,Walk,BackRight
A_Gorilla_Walk_Right,Gorilla,,A_Gorilla_Walk_Right.fbx,0.667,21,,,true,Walk,Right
A_Gorilla_Walk_FwdRight,Gorilla,,A_Gorilla_Walk_FwdRight.fbx,0.667,21,,,true,Walk,FwdRight
A_Gorilla_Run_Fwd,Gorilla,,A_Gorilla_Run_Fwd.fbx,0.667,21,,,true,Run,Fwd
A_Gorilla_Run_FwdLeft,Gorilla,,A_Gorilla_Run_FwdLeft.fbx,0.667,21,,,true,Run,FwdLeft
A_Gorilla_Run_Left,Gorilla,,A_Gorilla_Run_Left.fbx,0.667,21,,,true,Run,Left
A_Gorilla_Run_BackLeft,Gorilla,,A_Gorilla_Run_BackLeft.fbx,0.667,21,,,true,Run,BackLeft
A_Gorilla_Run_Back,Gorilla,,A_Gorilla_Run_Back.fbx,0.667,21,,,true,Run,Back
A_Gorilla_Run_BackRight,Gorilla,,A_Gorilla_Run_BackRight.fbx,0.667,21,,,true,Run,BackRight
A_Gorilla_Run_Right,Gorilla,,A_Gorilla_Run_Right.fbx,0.667,21,,,true,Run,Right
A_Gorilla_Run_FwdRight,Gorilla,,A_Gorilla_Run_FwdRight.fbx,0.667,21,,,true,Run,FwdRight
A_Gorilla_Turn_L90,Gorilla,,A_Gorilla_Turn_L90.fbx,0.500,15,,,false,Turn,
A_Gorilla_Turn_R90,Gorilla,,A_Gorilla_Turn_R90.fbx,0.500,15,,,false,Turn,
A_Gorilla_Turn_180,Gorilla,,A_Gorilla_Turn_180.fbx,0.700,21,,,false,Turn,
A_Gorilla_Pivot_180,Gorilla,,A_Gorilla_Pivot_180.fbx,0.467,14,,,false,Pivot,
A_Gorilla_Hit_Light,Gorilla,,A_Gorilla_Hit_Light.fbx,0.233,7,,,false,Hit,
A_Gorilla_Hit_Heavy,Gorilla,,A_Gorilla_Hit_Heavy.fbx,0.333,10,,,false,Hit,
A_Gorilla_Down,Gorilla,,A_Gorilla_Down.fbx,0.867,26,,,false,Down,
A_Gorilla_Death,Gorilla,,A_Gorilla_Death.fbx,1.067,32,,,false,Dead,
A_Gorilla_GetUp,Gorilla,,A_Gorilla_GetUp.fbx,0.600,18,,,false,GetUp,
A_Gorilla_Victory,Gorilla,,A_Gorilla_Victory.fbx,2.000,60,,,false,Victory,
A_Gorilla_Cross,Gorilla,Cross,A_Gorilla_Cross.fbx,0.367,11,3,hand_r,false,Attack,
A_Gorilla_Hook,Gorilla,Hook,A_Gorilla_Hook.fbx,0.467,14,4,hand_l,false,Attack,
A_Gorilla_Special,Gorilla,Special,A_Gorilla_Special.fbx,0.767,23,5,hand_r,false,Attack,
