Name,Fighter,Attack,File,Seconds,Frames,ContactFrame,Limb,bLoop,bPhaseTwo,State,Direction,Hits
A_Saud_Jab,Saud,Jab,A_Saud_Jab.fbx,0.260,8,2,lead_arm,false,false,Attack,,
A_Saud_Cross,Saud,Cross,A_Saud_Cross.fbx,0.360,11,3,rear_arm,false,false,Attack,,
A_Saud_Hook,Saud,Hook,A_Saud_Hook.fbx,0.480,14,4,rear_arm,false,false,Attack,,
A_Saud_Kick,Saud,Kick,A_Saud_Kick.fbx,0.530,16,5,rear_leg,false,false,Attack,,
A_Saud_Knee,Saud,Knee,A_Saud_Knee.fbx,0.470,14,4,rear_leg,false,false,Attack,,
A_Saud_Special,Saud,Special,A_Saud_Special.fbx,0.780,23,5,rear_leg,false,false,Attack,,
A_Saud_Guard,Saud,,A_Saud_Guard.fbx,2.618,79,-1,,true,false,Idle,,
A_Saud_Walk_Fwd,Saud,,A_Saud_Walk_Fwd.fbx,0.571,17,-1,,true,false,Walk,Fwd,
A_Saud_Walk_Back,Saud,,A_Saud_Walk_Back.fbx,0.571,17,-1,,true,false,Walk,Back,
A_Saud_Walk_Left,Saud,,A_Saud_Walk_Left.fbx,0.571,17,-1,,true,false,Walk,Left,
A_Saud_Walk_Right,Saud,,A_Saud_Walk_Right.fbx,0.571,17,-1,,true,false,Walk,Right,
A_Saud_Dash_Fwd,Saud,,A_Saud_Dash_Fwd.fbx,0.240,7,-1,,false,false,Dash,Fwd,
A_Saud_Dash_Back,Saud,,A_Saud_Dash_Back.fbx,0.240,7,-1,,false,false,Dash,Back,
A_Saud_Dash_Left,Saud,,A_Saud_Dash_Left.fbx,0.240,7,-1,,false,false,Dash,Left,
A_Saud_Dash_Right,Saud,,A_Saud_Dash_Right.fbx,0.240,7,-1,,false,false,Dash,Right,
A_Saud_Block,Saud,,A_Saud_Block.fbx,2.618,79,-1,,true,false,Block,,
A_Saud_Hit_Light,Saud,,A_Saud_Hit_Light.fbx,0.220,7,-1,,false,false,Hit,,
A_Saud_Hit_Heavy,Saud,,A_Saud_Hit_Heavy.fbx,0.340,10,-1,,false,false,Hit,,
A_Saud_Down,Saud,,A_Saud_Down.fbx,0.850,26,-1,,false,false,Down,,
A_Saud_GetUp,Saud,,A_Saud_GetUp.fbx,0.600,18,-1,,false,false,Idle,,
A_Saud_Hit_Head_Straight_Light,Saud,,A_Saud_Hit_Head_Straight_Light.fbx,0.220,7,-1,,false,false,Hit,,Head_Straight_Light
A_Saud_Hit_Head_Straight,Saud,,A_Saud_Hit_Head_Straight.fbx,0.340,10,-1,,false,false,Hit,,Head_Straight
A_Saud_Hit_Head_Side,Saud,,A_Saud_Hit_Head_Side.fbx,0.340,10,-1,,false,false,Hit,,Head_Side
A_Saud_Hit_Body_Front,Saud,,A_Saud_Hit_Body_Front.fbx,0.340,10,-1,,false,false,Hit,,Body_Front
A_Saud_Hit_Body_Side,Saud,,A_Saud_Hit_Body_Side.fbx,0.340,10,-1,,false,false,Hit,,Body_Side
A_Saud_Down_Side,Saud,,A_Saud_Down_Side.fbx,0.850,26,-1,,false,false,Down,,Down_Side
A_Saud_Down_Fold,Saud,,A_Saud_Down_Fold.fbx,0.850,26,-1,,false,false,Down,,Down_Fold
A_Saud_Combo_Jab_Cross,Saud,,A_Saud_Combo_Jab_Cross.fbx,0.535,16,2,,false,false,Attack,,2:Jab 8:Cross
A_Saud_Combo_Jab_Cross_Hook,Saud,,A_Saud_Combo_Jab_Cross_Hook.fbx,0.892,27,2,,false,false,Attack,,2:Jab 8:Cross 17:Hook
A_Saud_Combo_Jab_Cross_Kick,Saud,,A_Saud_Combo_Jab_Cross_Kick.fbx,0.942,28,2,,false,false,Attack,,2:Jab 8:Cross 17:Kick
A_Saud_Pair_Street_Jab,Saud,,A_Saud_Pair_Street_Jab.fbx,0.300,9,2,,false,false,Hit,,2:Jab
A_Saud_Pair_Street_Cross,Saud,,A_Saud_Pair_Street_Cross.fbx,0.433,13,3,,false,false,Hit,,3:Cross
A_Saud_Pair_Street_Hook,Saud,,A_Saud_Pair_Street_Hook.fbx,0.467,14,4,,false,false,Hit,,4:Hook
A_Saud_Pair_Street_Kick,Saud,,A_Saud_Pair_Street_Kick.fbx,0.533,16,5,,false,false,Hit,,5:Kick
A_Saud_Pair_Street_Knee,Saud,,A_Saud_Pair_Street_Knee.fbx,0.467,14,4,,false,false,Hit,,4:Knee
A_Saud_Pair_Street_Special,Saud,,A_Saud_Pair_Street_Special.fbx,1.033,31,5,,false,false,Hit,,5:Special
A_Saud_Pair_Street_Combo_Jab_Cross,Saud,,A_Saud_Pair_Street_Combo_Jab_Cross.fbx,0.600,18,2,,false,false,Hit,,2:Jab 8:Cross
A_Saud_Pair_Street_Combo_Jab_Cross_Hook,Saud,,A_Saud_Pair_Street_Combo_Jab_Cross_Hook.fbx,0.900,27,2,,false,false,Hit,,2:Jab 8:Cross 17:Hook
A_Saud_Pair_Boss_Jab,Saud,,A_Saud_Pair_Boss_Jab.fbx,0.300,9,2,,false,false,Hit,,2:Jab
A_Saud_Pair_Boss_Cross,Saud,,A_Saud_Pair_Boss_Cross.fbx,0.433,13,3,,false,false,Hit,,3:Cross
A_Saud_Pair_Boss_Hook,Saud,,A_Saud_Pair_Boss_Hook.fbx,0.467,14,4,,false,false,Hit,,4:Hook
A_Saud_Pair_Boss_Kick,Saud,,A_Saud_Pair_Boss_Kick.fbx,0.533,16,5,,false,false,Hit,,5:Kick
A_Saud_Pair_Boss_Knee,Saud,,A_Saud_Pair_Boss_Knee.fbx,0.467,14,4,,false,false,Hit,,4:Knee
A_Saud_Pair_Boss_Special,Saud,,A_Saud_Pair_Boss_Special.fbx,1.033,31,5,,false,false,Hit,,5:Special
A_Saud_Pair_Boss_Combo_Jab_Cross_Hook,Saud,,A_Saud_Pair_Boss_Combo_Jab_Cross_Hook.fbx,0.900,27,2,,false,false,Hit,,2:Jab 8:Cross 17:Hook
A_Saud_Pair_Saqr_Kick,Saud,,A_Saud_Pair_Saqr_Kick.fbx,0.533,16,5,,false,false,Hit,,5:Kick
A_Saud_Pair_Saqr_Jab,Saud,,A_Saud_Pair_Saqr_Jab.fbx,0.300,9,2,,false,false,Hit,,2:Jab
A_Saud_Pair_Saqr_Cross,Saud,,A_Saud_Pair_Saqr_Cross.fbx,0.433,13,3,,false,false,Hit,,3:Cross
A_Saud_Pair_Saqr_Knee,Saud,,A_Saud_Pair_Saqr_Knee.fbx,0.467,14,4,,false,false,Hit,,4:Knee
A_Saud_Pair_Saqr_Special,Saud,,A_Saud_Pair_Saqr_Special.fbx,1.033,31,5,,false,false,Hit,,5:Special
A_Saud_Pair_Zayos_Jab,Saud,,A_Saud_Pair_Zayos_Jab.fbx,0.300,9,2,,false,false,Hit,,2:Jab
A_Saud_Pair_Zayos_Cross,Saud,,A_Saud_Pair_Zayos_Cross.fbx,0.433,13,3,,false,false,Hit,,3:Cross
A_Saud_Pair_Zayos_Hook,Saud,,A_Saud_Pair_Zayos_Hook.fbx,0.467,14,4,,false,false,Hit,,4:Hook
A_Saud_Pair_Zayos_Combo_Jab_Cross_Hook,Saud,,A_Saud_Pair_Zayos_Combo_Jab_Cross_Hook.fbx,0.900,27,2,,false,false,Hit,,2:Jab 8:Cross 17:Hook
A_Saud_Pair_Zayos_Combo_Hook_Cross,Saud,,A_Saud_Pair_Zayos_Combo_Hook_Cross.fbx,0.733,22,4,,false,false,Hit,,4:Hook 12:Cross
