Name,Victim,Attacker,AttackerClip,VictimClip,ForwardCm,RightCm,Yaw,ContactFrames,Blows,Knockdown,WorstMissCm
Street_Pair_Saud_Jab,Street,Saud,A_Saud_Jab,A_Street_Pair_Saud_Jab,96.9,-0.1,180.0,2,Jab,,0.9
Street_Pair_Saud_Cross,Street,Saud,A_Saud_Cross,A_Street_Pair_Saud_Cross,101.7,0.0,-180.0,3,Cross,,0.8
Street_Pair_Saud_Hook,Street,Saud,A_Saud_Hook,A_Street_Pair_Saud_Hook,89.2,0.1,-179.9,4,Hook,,1.8
Street_Pair_Saud_Kick,Street,Saud,A_Saud_Kick,A_Street_Pair_Saud_Kick,77.3,-80.8,133.7,5,Kick,,4.2
Street_Pair_Saud_Knee,Street,Saud,A_Saud_Knee,A_Street_Pair_Saud_Knee,68.2,23.1,-161.3,4,Knee,,0.3
Street_Pair_Saud_Special,Street,Saud,A_Saud_Special,A_Street_Pair_Saud_Special,123.9,-91.7,143.5,5,Special,Down_Side,2.7
Street_Pair_Saud_Combo_Jab_Cross,Street,Saud,A_Saud_Combo_Jab_Cross,A_Street_Pair_Saud_Combo_Jab_Cross,98.9,0.0,-180.0,2 8,Jab Cross,,2.2
Street_Pair_Saud_Combo_Jab_Cross_Hook,Street,Saud,A_Saud_Combo_Jab_Cross_Hook,A_Street_Pair_Saud_Combo_Jab_Cross_Hook,95.7,0.0,-180.0,2 8 17,Jab Cross Hook,,6.7
Saud_Pair_Street_Jab,Saud,Street,A_Street_Jab,A_Saud_Pair_Street_Jab,108.0,-0.1,180.0,2,Jab,,0.0
Saud_Pair_Street_Cross,Saud,Street,A_Street_Cross,A_Saud_Pair_Street_Cross,108.0,-0.0,180.0,3,Cross,,0.0
Saud_Pair_Street_Hook,Saud,Street,A_Street_Hook,A_Saud_Pair_Street_Hook,100.0,0.2,-179.9,4,Hook,,0.9
Saud_Pair_Street_Kick,Saud,Street,A_Street_Kick,A_Saud_Pair_Street_Kick,83.3,-88.6,133.3,5,Kick,,0.8
Saud_Pair_Street_Knee,Saud,Street,A_Street_Knee,A_Saud_Pair_Street_Knee,72.8,14.6,-168.7,4,Knee,,4.9
Saud_Pair_Street_Special,Saud,Street,A_Street_Special,A_Saud_Pair_Street_Special,128.7,-96.8,143.0,5,Special,Down_Side,1.8
Saud_Pair_Street_Combo_Jab_Cross,Saud,Street,A_Street_Combo_Jab_Cross,A_Saud_Pair_Street_Combo_Jab_Cross,107.6,0.1,-180.0,2 8,Jab Cross,,0.5
Saud_Pair_Street_Combo_Jab_Cross_Hook,Saud,Street,A_Street_Combo_Jab_Cross_Hook,A_Saud_Pair_Street_Combo_Jab_Cross_Hook,105.0,0.0,-180.0,2 8 17,Jab Cross Hook,,5.2
Saud_Pair_Boss_Jab,Saud,Boss,A_Boss_Jab,A_Saud_Pair_Boss_Jab,109.8,-0.1,180.0,2,Jab,,0.1
Saud_Pair_Boss_Cross,Saud,Boss,A_Boss_Cross,A_Saud_Pair_Boss_Cross,111.1,-0.0,180.0,3,Cross,,0.0
Saud_Pair_Boss_Hook,Saud,Boss,A_Boss_Hook,A_Saud_Pair_Boss_Hook,101.7,0.2,-179.9,4,Hook,,0.9
Saud_Pair_Boss_Kick,Saud,Boss,A_Boss_Kick,A_Saud_Pair_Boss_Kick,78.2,-90.3,130.9,5,Kick,,10.3
Saud_Pair_Boss_Knee,Saud,Boss,A_Boss_Knee,A_Saud_Pair_Boss_Knee,68.2,11.5,-170.4,4,Knee,,9.5
Saud_Pair_Boss_Special,Saud,Boss,A_Boss_Special,A_Saud_Pair_Boss_Special,122.0,-98.9,141.0,5,Special,Down_Side,12.4
Saud_Pair_Boss_Combo_Jab_Cross_Hook,Saud,Boss,A_Boss_Combo_Jab_Cross_Hook,A_Saud_Pair_Boss_Combo_Jab_Cross_Hook,107.2,0.0,-180.0,2 8 17,Jab Cross Hook,,5.7
Saud_Pair_Saqr_Kick,Saud,Saqr,A_Saqr_Kick,A_Saud_Pair_Saqr_Kick,81.7,-87.5,133.1,5,Kick,,5.7
Saud_Pair_Saqr_Jab,Saud,Saqr,A_Saqr_Jab,A_Saud_Pair_Saqr_Jab,107.3,-0.1,180.0,2,Jab,,0.1
Saud_Pair_Saqr_Cross,Saud,Saqr,A_Saqr_Cross,A_Saud_Pair_Saqr_Cross,107.9,0.0,-180.0,3,Cross,,0.0
Saud_Pair_Saqr_Knee,Saud,Saqr,A_Saqr_Knee,A_Saud_Pair_Saqr_Knee,71.1,14.7,-168.3,4,Knee,,7.1
Saud_Pair_Saqr_Special,Saud,Saqr,A_Saqr_Special,A_Saud_Pair_Saqr_Special,126.1,-96.8,142.5,5,Special,Down_Side,6.6
Saud_Pair_Zayos_Jab,Saud,Zayos,A_Zayos_Jab,A_Saud_Pair_Zayos_Jab,102.6,-0.1,180.0,2,Jab,,0.0
Saud_Pair_Zayos_Cross,Saud,Zayos,A_Zayos_Cross,A_Saud_Pair_Zayos_Cross,112.1,-0.0,180.0,3,Cross,,0.0
Saud_Pair_Zayos_Hook,Saud,Zayos,A_Zayos_Hook,A_Saud_Pair_Zayos_Hook,99.3,0.2,-179.9,4,Hook,,0.9
Saud_Pair_Zayos_Combo_Jab_Cross_Hook,Saud,Zayos,A_Zayos_Combo_Jab_Cross_Hook,A_Saud_Pair_Zayos_Combo_Jab_Cross_Hook,104.3,0.0,-180.0,2 8 17,Jab Cross Hook,,7.0
Saud_Pair_Zayos_Combo_Hook_Cross,Saud,Zayos,A_Zayos_Combo_Hook_Cross,A_Saud_Pair_Zayos_Combo_Hook_Cross,106.7,0.9,-179.5,4 12,Hook Cross,,7.4
Boss_Pair_Saud_Jab,Boss,Saud,A_Saud_Jab,A_Boss_Pair_Saud_Jab,102.7,-0.1,180.0,2,Jab,,4.2
Boss_Pair_Saud_Cross,Boss,Saud,A_Saud_Cross,A_Boss_Pair_Saud_Cross,107.6,0.0,-180.0,3,Cross,,4.2
Boss_Pair_Saud_Hook,Boss,Saud,A_Saud_Hook,A_Boss_Pair_Saud_Hook,95.1,0.1,-179.9,4,Hook,,3.3
Boss_Pair_Saud_Kick,Boss,Saud,A_Saud_Kick,A_Boss_Pair_Saud_Kick,79.6,-83.3,133.7,5,Kick,,0.6
Boss_Pair_Saud_Knee,Boss,Saud,A_Saud_Knee,A_Boss_Pair_Saud_Knee,69.4,23.5,-161.3,4,Knee,,4.7
Boss_Pair_Saud_Special,Boss,Saud,A_Saud_Special,A_Boss_Pair_Saud_Special,124.9,-92.4,143.5,5,Special,Down_Side,1.7
Boss_Pair_Saud_Combo_Jab_Cross,Boss,Saud,A_Saud_Combo_Jab_Cross,A_Boss_Pair_Saud_Combo_Jab_Cross,104.8,0.0,-180.0,2 8,Jab Cross,,4.7
Boss_Pair_Saud_Combo_Jab_Cross_Hook,Boss,Saud,A_Saud_Combo_Jab_Cross_Hook,A_Boss_Pair_Saud_Combo_Jab_Cross_Hook,101.5,0.0,-180.0,2 8 17,Jab Cross Hook,,7.3
Saqr_Pair_Saud_Jab,Saqr,Saud,A_Saud_Jab,A_Saqr_Pair_Saud_Jab,96.1,-0.1,180.0,2,Jab,,1.8
Saqr_Pair_Saud_Cross,Saqr,Saud,A_Saud_Cross,A_Saqr_Pair_Saud_Cross,101.0,0.0,-180.0,3,Cross,,1.7
Saqr_Pair_Saud_Hook,Saqr,Saud,A_Saud_Hook,A_Saqr_Pair_Saud_Hook,88.4,0.1,-179.9,4,Hook,,2.7
Saqr_Pair_Saud_Kick,Saqr,Saud,A_Saud_Kick,A_Saqr_Pair_Saud_Kick,76.6,-80.1,133.7,5,Kick,,5.1
Saqr_Pair_Saud_Knee,Saqr,Saud,A_Saud_Knee,A_Saqr_Pair_Saud_Knee,67.9,23.0,-161.3,4,Knee,,0.5
Saqr_Pair_Saud_Special,Saqr,Saud,A_Saud_Special,A_Saqr_Pair_Saud_Special,123.6,-91.5,143.5,5,Special,Down_Side,3.6
Saqr_Pair_Saud_Combo_Jab_Cross,Saqr,Saud,A_Saud_Combo_Jab_Cross,A_Saqr_Pair_Saud_Combo_Jab_Cross,98.1,0.0,-180.0,2 8,Jab Cross,,2.7
Saqr_Pair_Saud_Combo_Jab_Cross_Hook,Saqr,Saud,A_Saud_Combo_Jab_Cross_Hook,A_Saqr_Pair_Saud_Combo_Jab_Cross_Hook,94.9,0.0,-180.0,2 8 17,Jab Cross Hook,,7.0
Zayos_Pair_Saud_Jab,Zayos,Saud,A_Saud_Jab,A_Zayos_Pair_Saud_Jab,98.2,-0.1,180.0,2,Jab,,0.3
Zayos_Pair_Saud_Cross,Zayos,Saud,A_Saud_Cross,A_Zayos_Pair_Saud_Cross,103.1,0.0,-180.0,3,Cross,,0.3
Zayos_Pair_Saud_Hook,Zayos,Saud,A_Saud_Hook,A_Zayos_Pair_Saud_Hook,90.5,0.1,-179.9,4,Hook,,0.6
Zayos_Pair_Saud_Kick,Zayos,Saud,A_Saud_Kick,A_Zayos_Pair_Saud_Kick,77.2,-80.7,133.7,5,Kick,,3.2
Zayos_Pair_Saud_Knee,Zayos,Saud,A_Saud_Knee,A_Zayos_Pair_Saud_Knee,68.0,23.0,-161.3,4,Knee,,1.3
Zayos_Pair_Saud_Special,Zayos,Saud,A_Saud_Special,A_Zayos_Pair_Saud_Special,123.7,-91.6,143.5,5,Special,Down_Side,1.7
Zayos_Pair_Saud_Combo_Jab_Cross,Zayos,Saud,A_Saud_Combo_Jab_Cross,A_Zayos_Pair_Saud_Combo_Jab_Cross,100.3,0.0,-180.0,2 8,Jab Cross,,2.1
Zayos_Pair_Saud_Combo_Jab_Cross_Hook,Zayos,Saud,A_Saud_Combo_Jab_Cross_Hook,A_Zayos_Pair_Saud_Combo_Jab_Cross_Hook,97.0,0.0,-180.0,2 8 17,Jab Cross Hook,,6.5
